County,State,Average Temperature
Miami-Dade,FL,75.6
Maui,HI,75.42
Broward,FL,75.0
Monroe,FL,74.96
Hidalgo,TX,74.6
Starr,TX,74.46
Palm Beach,FL,74.17
Lee,FL,74.06
Collier,FL,73.95
Cameron,TX,73.94
Willacy,TX,73.88
Hendry,FL,73.73
La Paz,AZ,73.65
Honolulu,HI,73.4
Kauai,HI,73.39
Zapata,TX,73.38
Yuma,AZ,73.38
Martin,FL,73.21
Imperial,CA,73.11
Sarasota,FL,73.08
Saint Lucie,FL,73.06
Manatee,FL,72.98
Polk,FL,72.96
Charlotte,FL,72.93
Hillsborough,FL,72.85
Indian River,FL,72.85
Jim Hogg,TX,72.84
De Soto,FL,72.7
Osceola,FL,72.69
Pinellas,FL,72.66
Glades,FL,72.65
Okeechobee,FL,72.61
Hardee,FL,72.58
Brooks,TX,72.53
Highlands,FL,72.53
Kleberg,TX,72.5
Kenedy,TX,72.49
Duval,TX,72.39
Jim Wells,TX,72.29
Brevard,FL,72.24
Nueces,TX,71.88
Orange,FL,71.84
Webb,TX,71.83
Hernando,FL,71.65
Pasco,FL,71.63
Dimmit,TX,71.5
Seminole,FL,71.29
Aransas,TX,71.2
Live Oak,TX,71.12
La Salle,TX,71.08
San Patricio,TX,71.06
Bee,TX,71.04
Mcmullen,TX,71.03
Maricopa,AZ,70.99
Sumter,FL,70.98
Calhoun,TX,70.97
Pinal,AZ,70.96
Refugio,TX,70.95
Lake,FL,70.9
Pima,AZ,70.87
Volusia,FL,70.52
Goliad,TX,70.42
Flagler,FL,70.35
Matagorda,TX,70.33
Riverside,CA,70.28
Victoria,TX,70.19
Citrus,FL,70.19
Atascosa,TX,69.9
Zavala,TX,69.84
Karnes,TX,69.61
Plaquemines,LA,69.58
Jackson,TX,69.55
Putnam,FL,69.54
Frio,TX,69.53
Saint Johns,FL,69.52
Brazoria,TX,69.5
Fort Bend,TX,69.46
Maverick,TX,69.36
Marion,FL,69.32
Wharton,TX,69.31
Galveston,TX,69.3
Jefferson,LA,69.26
Chambers,TX,69.15
Lafourche,LA,69.11
Wilson,TX,69.06
De Witt,TX,69.06
Harris,TX,69.01
Alachua,FL,69.0
Lavaca,TX,68.95
Colorado,TX,68.9
Levy,FL,68.87
Bexar,TX,68.7
Saint Charles,LA,68.67
Kinney,TX,68.66
Gilchrist,FL,68.63
Jefferson,TX,68.57
Gonzales,TX,68.56
Terrebonne,LA,68.55
Austin,TX,68.48
Duval,FL,68.47
Medina,TX,68.45
Dixie,FL,68.43
Bradford,FL,68.33
Union,FL,68.32
Guadalupe,TX,68.28
Clay,FL,68.28
Waller,TX,68.25
Saint Mary,LA,68.22
Fayette,TX,68.18
Orleans,LA,68.17
Nassau,FL,68.12
Vermilion,LA,68.11
Washington,TX,68.07
Iberia,LA,68.05
Lafayette,LA,68.04
Suwannee,FL,68.02
Bastrop,TX,68.01
Columbia,FL,68.0
Caldwell,TX,67.99
Grimes,TX,67.94
Saint Martin,LA,67.86
Hardin,TX,67.84
Burleson,TX,67.83
Cameron,LA,67.83
Acadia,LA,67.83
Baker,FL,67.82
Brazos,TX,67.79
Assumption,LA,67.77
Orange,TX,67.76
Montgomery,TX,67.74
Saint James,LA,67.71
West Baton Rouge,LA,67.7
Taylor,FL,67.68
Iberville,LA,67.67
Lafayette,FL,67.66
Uvalde,TX,67.63
Liberty,TX,67.59
Lee,TX,67.56
Mohave,AZ,67.54
Ascension,LA,67.53
Travis,TX,67.51
Saint Landry,LA,67.51
Franklin,FL,67.5
Hamilton,FL,67.5
East Baton Rouge,LA,67.47
St John The Baptist,LA,67.45
Mcintosh,GA,67.44
Glynn,GA,67.39
San Jacinto,TX,67.33
Jefferson Davis,LA,67.33
Val Verde,TX,67.32
Madison,FL,67.29
Saint Bernard,LA,67.28
Wakulla,FL,67.2
Gulf,FL,67.2
Camden,GA,67.16
Leon,FL,67.14
Calcasieu,LA,67.13
Livingston,LA,67.11
Liberty,FL,67.1
Jefferson,FL,67.08
Jackson,MS,67.01
Brooks,GA,66.99
Pointe Coupee,LA,66.99
Lowndes,GA,66.96
Gadsden,FL,66.94
Thomas,GA,66.93
San Bernardino,CA,66.9
Charlton,GA,66.89
Harrison,MS,66.85
Walker,TX,66.85
Hancock,MS,66.83
Saint Tammany,LA,66.82
Robertson,TX,66.81
Evangeline,LA,66.79
Madison,TX,66.77
Mobile,AL,66.77
Rapides,LA,66.76
Comal,TX,66.74
Baldwin,AL,66.73
Jasper,TX,66.72
Bay,FL,66.71
Decatur,GA,66.7
Williamson,TX,66.68
Calhoun,FL,66.67
Escambia,FL,66.64
Allen,LA,66.64
West Feliciana,LA,66.62
Echols,GA,66.58
Grady,GA,66.57
Long,GA,66.57
Liberty,GA,66.57
Tangipahoa,LA,66.56
Brantley,GA,66.54
Wayne,GA,66.52
Milam,TX,66.5
Clinch,GA,66.47
Polk,TX,66.46
Leon,TX,66.46
Pierce,GA,66.4
Tyler,TX,66.39
Washington,FL,66.37
Limestone,TX,66.36
Beauregard,LA,66.36
Stone,MS,66.33
East Feliciana,LA,66.32
Hays,TX,66.32
Ware,GA,66.31
Pearl River,MS,66.29
Washington,LA,66.25
Cook,GA,66.25
Angelina,TX,66.25
Santa Rosa,FL,66.23
Newton,TX,66.22
Appling,GA,66.21
Mitchell,GA,66.2
Mclennan,TX,66.2
Terrell,TX,66.2
Bacon,GA,66.19
Colquitt,GA,66.18
Baker,GA,66.16
Avoyelles,LA,66.16
Falls,TX,66.15
Miller,GA,66.14
Chatham,GA,66.11
Lanier,GA,66.1
Anderson,TX,66.09
Trinity,TX,66.04
San Augustine,TX,66.04
Bell,TX,66.03
Seminole,GA,66.01
Adams,MS,66.0
Berrien,GA,66.0
Worth,GA,66.0
Houston,TX,65.99
Beaufort,SC,65.97
Dougherty,GA,65.96
Freestone,TX,65.96
Nacogdoches,TX,65.93
Holmes,FL,65.91
Atkinson,GA,65.89
Walton,FL,65.88
Calhoun,GA,65.88
Saint Helena,LA,65.86
Okaloosa,FL,65.85
Wilkinson,MS,65.85
Tift,GA,65.83
Jackson,FL,65.82
Grant,LA,65.82
Jasper,SC,65.81
Early,GA,65.8
Cherokee,TX,65.79
Dallas,TX,65.78
Evans,GA,65.76
Concordia,LA,65.75
Tattnall,GA,65.75
Pecos,TX,65.75
Vernon,LA,65.73
Burnet,TX,65.68
Hawaii,HI,65.68
Blanco,TX,65.68
Irwin,GA,65.66
Kendall,TX,65.65
Johnson,TX,65.65
Ellis,TX,65.65
Coffee,GA,65.64
Toombs,GA,65.62
Bandera,TX,65.62
Sabine,TX,65.62
Shelby,TX,65.6
Turner,GA,65.56
Bryan,GA,65.56
Llano,TX,65.55
Edwards,TX,65.53
Effingham,GA,65.53
Hill,TX,65.52
Clark,NV,65.49
De Soto,LA,65.47
Jeff Davis,GA,65.44
Catahoula,LA,65.43
La Salle,LA,65.42
Jefferson,MS,65.42
Kaufman,TX,65.4
Tarrant,TX,65.39
Navarro,TX,65.39
George,MS,65.38
Real,TX,65.38
Telfair,GA,65.37
Houston,AL,65.37
Ben Hill,GA,65.36
Crockett,TX,65.35
Red River,LA,65.33
Franklin,MS,65.33
Bulloch,GA,65.32
Candler,GA,65.31
Sabine,LA,65.31
Marion,MS,65.3
Montgomery,GA,65.3
Perry,MS,65.3
Amite,MS,65.29
Upton,TX,65.29
San Saba,TX,65.28
Forrest,MS,65.26
Dale,AL,65.24
Walthall,MS,65.21
Crane,TX,65.19
Emanuel,GA,65.19
Pike,MS,65.18
Treutlen,GA,65.15
Escambia,AL,65.11
Lincoln,MS,65.11
Henry,AL,65.11
Concho,TX,65.1
Geneva,AL,65.09
Mills,TX,65.09
Ward,TX,65.08
Monroe,AL,65.07
Conecuh,AL,65.07
Charleston,SC,65.07
Lampasas,TX,65.07
Lawrence,MS,65.07
Jefferson Davis,MS,65.05
Bossier,LA,65.04
Wheeler,GA,65.03
Rusk,TX,65.03
Tensas,LA,65.03
Lamar,MS,65.02
Coryell,TX,64.99
Clay,GA,64.99
Gillespie,TX,64.98
Mcculloch,TX,64.98
Franklin,LA,64.97
Natchitoches,LA,64.96
Panola,TX,64.94
Washington,AL,64.94
Greene,MS,64.93
Claiborne,MS,64.93
Harrison,TX,64.9
Coffee,AL,64.9
Copiah,MS,64.85
Mason,TX,64.83
Hampton,SC,64.83
Dodge,GA,64.83
Bosque,TX,64.83
Wilcox,GA,64.82
Caddo,LA,64.82
Smith,TX,64.81
Menard,TX,64.81
Coleman,TX,64.8
Butler,AL,64.8
Terrell,GA,64.79
Covington,AL,64.77
Sutton,TX,64.75
Rockwall,TX,64.75
Caldwell,LA,64.74
Schleicher,TX,64.73
Clarke,AL,64.73
Brown,TX,64.72
Bleckley,GA,64.72
Pulaski,GA,64.72
Richland,LA,64.71
Laurens,GA,64.68
Gregg,TX,64.68
Callahan,TX,64.68
Madison,LA,64.67
Jones,MS,64.66
Kimble,TX,64.66
Crenshaw,AL,64.65
Crisp,GA,64.64
Kerr,TX,64.62
Ouachita,LA,64.61
Midland,TX,64.61
Colleton,SC,64.6
Covington,MS,64.59
Wayne,MS,64.58
Henderson,TX,64.57
Webster,LA,64.56
Orange,CA,64.55
Randolph,GA,64.53
Lee,GA,64.53
Parker,TX,64.52
Winn,LA,64.51
Ector,TX,64.51
Pike,AL,64.48
Runnels,TX,64.47
Simpson,MS,64.46
Van Zandt,TX,64.43
Houston,GA,64.41
Hood,TX,64.4
Johnson,GA,64.4
Marion,TX,64.39
East Carroll,LA,64.37
Palo Pinto,TX,64.36
Presidio,TX,64.36
Somervell,TX,64.36
Brewster,TX,64.36
Warren,MS,64.36
West Carroll,LA,64.35
Rankin,MS,64.33
Hamilton,TX,64.32
Stewart,GA,64.32
Eastland,TX,64.31
Bienville,LA,64.31
Screven,GA,64.31
Jenkins,GA,64.3
Hinds,MS,64.3
Webster,GA,64.3
Bamberg,SC,64.3
Taylor,TX,64.28
Morehouse,LA,64.25
Jackson,LA,64.23
Shackelford,TX,64.23
Issaquena,MS,64.21
Orangeburg,SC,64.19
Tom Green,TX,64.18
Erath,TX,64.17
Upshur,TX,64.15
Los Angeles,CA,64.15
Twiggs,GA,64.14
Dooly,GA,64.14
Sharkey,MS,64.14
Berkeley,SC,64.12
Lowndes,AL,64.1
Lincoln,LA,64.09
Sumter,GA,64.08
Cass,TX,64.07
Bowie,TX,64.05
Marion,GA,64.05
Graham,AZ,64.05
Rains,TX,64.05
Dorchester,SC,64.05
Quitman,GA,64.01
Calhoun,SC,64.0
Georgetown,SC,63.98
Chattahoochee,GA,63.97
Santa Cruz,AZ,63.97
Wilcox,AL,63.97
Collin,TX,63.96
Schley,GA,63.96
Holmes,MS,63.95
Stephens,TX,63.94
Yazoo,MS,63.94
Wood,TX,63.93
Choctaw,AL,63.9
Allendale,SC,63.9
Clarendon,SC,63.88
Marengo,AL,63.86
Montgomery,AL,63.86
Dallas,AL,63.84
Barbour,AL,63.84
Clarke,MS,63.8
Union,LA,63.8
Peach,GA,63.8
Jack,TX,63.8
Humphreys,MS,63.78
Camp,TX,63.77
Washington,MS,63.77
Howard,TX,63.77
Young,TX,63.76
Madison,MS,63.73
Macon,GA,63.73
Jones,TX,63.73
Titus,TX,63.72
Miller,AR,63.71
Leflore,MS,63.71
Reeves,TX,63.69
Hunt,TX,63.68
Chicot,AR,63.68
Franklin,TX,63.67
Winkler,TX,63.67
Comanche,TX,63.66
Talbot,GA,63.66
Bullock,AL,63.65
Lauderdale,MS,63.64
Wilkinson,GA,63.64
Kings,CA,63.64
Barnwell,SC,63.63
Morris,TX,63.63
Throckmorton,TX,63.63
Nolan,TX,63.62
Coke,TX,63.62
Taylor,GA,63.6
Reagan,TX,63.6
Archer,TX,63.59
Smith,MS,63.59
Denton,TX,63.59
Jasper,MS,63.58
Newton,MS,63.57
Perry,AL,63.55
El Paso,TX,63.55
Wise,TX,63.5
Hopkins,TX,63.48
Hale,AL,63.48
Scott,MS,63.46
Irion,TX,63.46
Sunflower,MS,63.45
Muscogee,GA,63.45
Bibb,GA,63.43
Claiborne,LA,63.42
Sumter,AL,63.42
Sterling,TX,63.39
Carroll,MS,63.33
Glasscock,TX,63.33
Williamsburg,SC,63.33
Marion,SC,63.33
Mitchell,TX,63.33
Horry,SC,63.31
Delta,TX,63.31
Greene,AL,63.29
Loving,TX,63.27
Elmore,AL,63.22
Haskell,TX,63.21
Bolivar,MS,63.2
Baylor,TX,63.18
Burke,GA,63.17
Kemper,MS,63.17
Florence,SC,63.17
Fisher,TX,63.16
Fannin,TX,63.16
Montague,TX,63.15
Clay,TX,63.15
Cooke,TX,63.11
Red River,TX,63.11
Grayson,TX,63.09
Washington,GA,63.05
Macon,AL,63.01
Jefferson,GA,63.01
Desha,AR,62.93
Noxubee,MS,62.93
Aiken,SC,62.93
Russell,AL,62.91
Pickens,AL,62.9
Carteret,NC,62.89
Lamar,TX,62.86
Merced,CA,62.86
Martin,TX,62.85
Scurry,TX,62.84
Columbia,AR,62.84
Knox,TX,62.83
New Hanover,NC,62.79
Autauga,AL,62.78
Lafayette,AR,62.77
Neshoba,MS,62.73
Sumter,SC,62.69
Little River,AR,62.68
Pender,NC,62.65
Dare,NC,62.64
Crawford,GA,62.64
Drew,AR,62.63
Bibb,AL,62.62
Leake,MS,62.61
Lowndes,MS,62.59
Chilton,AL,62.59
Tallahatchie,MS,62.55
Ouachita,AR,62.54
Union,AR,62.54
Choctaw,OK,62.54
Lincoln,AR,62.52
Brunswick,NC,62.51
Borden,TX,62.46
Richmond,GA,62.43
Ashley,AR,62.4
Dillon,SC,62.39
Lee,AL,62.39
Nevada,AR,62.35
Attala,MS,62.34
Harris,GA,62.33
Pushmataha,OK,62.33
Coosa,AL,62.31
Love,OK,62.28
Upson,GA,62.28
Winston,MS,62.27
Hempstead,AR,62.27
Onslow,NC,62.27
Montgomery,MS,62.26
Stonewall,TX,62.26
Hyde,NC,62.24
Columbus,NC,62.23
Jefferson,OK,62.22
Grenada,MS,62.22
Sacramento,CA,62.21
Jefferson,AR,62.21
Glascock,GA,62.2
Eddy,NM,62.19
Pamlico,NC,62.19
Bradley,AR,62.17
Foard,TX,62.14
Monroe,GA,62.14
Jones,NC,62.12
Andrews,TX,62.09
Wilbarger,TX,62.09
Clay,MS,62.09
Cotton,OK,62.08
Calhoun,AR,62.08
Jeff Davis,TX,62.08
Marshall,OK,62.07
Stanislaus,CA,62.06
Lexington,SC,62.05
Shelby,AL,62.05
Panola,MS,62.05
Coahoma,MS,62.04
Talladega,AL,62.04
Meriwether,GA,62.03
Arkansas,AR,62.03
Cleveland,AR,62.02
Baldwin,GA,62.02
Quitman,MS,62.01
Grant,AR,61.99
Hancock,GA,61.98
Oktibbeha,MS,61.98
Stephens,OK,61.98
Monroe,MS,61.97
Dallas,AR,61.95
Jones,GA,61.93
Craven,NC,61.92
Troup,GA,61.9
King,TX,61.89
Mcduffie,GA,61.89
Yalobusha,MS,61.89
Pike,GA,61.89
Lamar,AL,61.88
Cottle,TX,61.88
Choctaw,MS,61.88
Cochise,AZ,61.87
Bryan,OK,61.87
Hardeman,TX,61.86
Jefferson,AL,61.83
Warren,GA,61.83
Lamar,GA,61.82
Wichita,TX,61.82
Putnam,GA,61.81
Clay,AL,61.81
Marlboro,SC,61.8
Tallapoosa,AL,61.8
Lee,SC,61.78
Phillips,AR,61.77
Richland,SC,61.77
Butts,GA,61.75
Johnston,OK,61.74
Chambers,AL,61.72
Bladen,NC,61.71
Tuscaloosa,AL,61.71
Robeson,NC,61.71
Lonoke,AR,61.7
Edgefield,SC,61.7
Columbia,GA,61.69
Darlington,SC,61.69
Kent,TX,61.69
Tunica,MS,61.68
Childress,TX,61.68
Tate,MS,61.68
Spalding,GA,61.67
Prairie,AR,61.65
Lea,NM,61.63
Monroe,AR,61.63
Jasper,GA,61.62
Taliaferro,GA,61.61
Kershaw,SC,61.61
Scotland,NC,61.59
Tillman,OK,61.58
Jackson,OK,61.58
Hall,TX,61.58
Carter,OK,61.58
Atoka,OK,61.57
Lafayette,MS,61.56
Lee,MS,61.56
Beaufort,NC,61.54
Saline,AR,61.51
Kern,CA,61.51
Le Flore,OK,61.51
Morgan,GA,61.5
Newton,GA,61.49
Murray,OK,61.48
Coal,OK,61.47
Latimer,OK,61.47
Sutter,CA,61.47
Lincoln,GA,61.47
Calhoun,MS,61.46
Henry,GA,61.45
Newberry,SC,61.45
San Joaquin,CA,61.45
Chesterfield,SC,61.45
Fresno,CA,61.45
Hudspeth,TX,61.44
Webster,MS,61.44
Scott,AR,61.42
Greene,GA,61.4
Pittsburg,OK,61.4
Saluda,SC,61.4
Desoto,MS,61.39
San Diego,CA,61.39
Randolph,AL,61.39
Mccormick,SC,61.37
Pulaski,AR,61.35
Garza,TX,61.35
Fayette,GA,61.35
Washington,NC,61.34
Gaines,TX,61.34
Heard,GA,61.33
Lenoir,NC,61.29
Chickasaw,MS,61.29
Pontotoc,OK,61.27
Wilkes,GA,61.27
Lancaster,SC,61.27
Clayton,GA,61.26
Itawamba,MS,61.24
Garvin,OK,61.24
Sevier,AR,61.23
Abbeville,SC,61.23
Culberson,TX,61.21
Duplin,NC,61.2
Lee,AR,61.18
Ventura,CA,61.17
Dickens,TX,61.15
Oglethorpe,GA,61.15
Sebastian,AR,61.15
Hughes,OK,61.09
Harmon,OK,61.07
Calhoun,AL,61.07
Coweta,GA,61.07
Saint Clair,AL,61.05
Shelby,TN,61.04
Etowah,AL,61.03
Seminole,OK,60.97
Crittenden,AR,60.96
Pontotoc,MS,60.95
Greenwood,SC,60.95
Oconee,GA,60.94
Sampson,NC,60.94
Yolo,CA,60.94
Hot Spring,AR,60.93
Saint Francis,AR,60.93
Fairfield,SC,60.92
Carroll,GA,60.92
Muskogee,OK,60.92
Comanche,OK,60.9
Fayette,AL,60.89
Tehama,CA,60.88
Anderson,SC,60.88
Benton,MS,60.87
Woodruff,AR,60.85
Mcclain,OK,60.85
Marshall,MS,60.85
Mcintosh,OK,60.83
Blount,AL,60.82
Pottawatomie,OK,60.82
Glenn,CA,60.81
Greene,NC,60.77
Walton,GA,60.75
Mccurtain,OK,60.75
Okfuskee,OK,60.75
Haskell,OK,60.74
Cleveland,OK,60.74
Dawson,TX,60.74
Yell,AR,60.72
Marshall,AL,60.72
Cumberland,NC,60.7
Elbert,GA,60.7
Howard,AR,60.69
Cross,AR,60.69
Chester,SC,60.67
Motley,TX,60.63
Calaveras,CA,60.63
Tyrrell,NC,60.61
Rockdale,GA,60.6
Sequoyah,OK,60.6
Hidalgo,NM,60.6
Grady,OK,60.59
Poinsett,AR,60.59
Lawrence,AL,60.58
Gila,AZ,60.58
Walker,AL,60.57
Laurens,SC,60.57
Cleburne,AL,60.56
Douglas,GA,60.55
Wayne,NC,60.55
Pitt,NC,60.55
Fayette,TN,60.51
Prentiss,MS,60.51
Union,MS,60.5
Winston,AL,60.49
Clark,AR,60.48
Franklin,AL,60.45
Marion,AL,60.44
Solano,CA,60.44
Hoke,NC,60.43
Oklahoma,OK,60.42
Garland,AR,60.42
Tipton,TN,60.42
Morgan,AL,60.41
Jackson,AR,60.4
Polk,GA,60.4
Tulare,CA,60.4
Colusa,CA,60.4
Cullman,AL,60.4
Union,NC,60.39
Anson,NC,60.38
Lincoln,OK,60.37
Perry,AR,60.35
Richmond,NC,60.33
Hardeman,TN,60.31
Pike,AR,60.3
Johnston,NC,60.26
Tippah,MS,60.26
Mississippi,AR,60.26
Clarke,GA,60.25
Currituck,NC,60.23
Cherokee,OK,60.22
Logan,AR,60.21
Haralson,GA,60.2
Pasquotank,NC,60.2
Dekalb,GA,60.2
Okmulgee,OK,60.19
Camden,NC,60.19
Tishomingo,MS,60.19
Crosby,TX,60.18
Alcorn,MS,60.18
Lynn,TX,60.18
Paulding,GA,60.18
Kiowa,OK,60.17
De Kalb,AL,60.15
Fulton,GA,60.12
Craighead,AR,60.1
Colbert,AL,60.09
Creek,OK,60.08
Butte,CA,60.08
Yuba,CA,60.07
White,AR,60.07
Madison,TN,60.06
Caddo,OK,60.05
Contra Costa,CA,60.05
Hardin,TN,60.04
Union,SC,60.0
Haywood,TN,60.0
Martin,NC,59.98
Canadian,OK,59.97
Bartow,GA,59.97
Madison,AL,59.95
Chester,TN,59.95
Harnett,NC,59.95
Tulsa,OK,59.95
Mcnairy,TN,59.93
Montgomery,AR,59.91
Moore,NC,59.91
Wilson,NC,59.9
Chowan,NC,59.89
Wagoner,OK,59.89
Perquimans,NC,59.88
Polk,AR,59.85
Franklin,AR,59.85
Lee,NC,59.82
Pope,AR,59.81
Limestone,AL,59.81
Cherokee,AL,59.79
Madison,GA,59.79
Lauderdale,TN,59.78
Logan,OK,59.74
Amador,CA,59.74
Montgomery,NC,59.74
Crawford,AR,59.69
Pawnee,OK,59.69
Chesapeake City,VA,59.67
Cherokee,GA,59.66
Floyd,GA,59.66
Conway,AR,59.65
Santa Barbara,CA,59.65
Santa Clara,CA,59.65
Johnson,AR,59.64
Mecklenburg,NC,59.62
Edgecombe,NC,59.62
Greer,OK,59.61
Faulkner,AR,59.61
Wake,NC,59.61
Dona Ana,NM,59.59
Bertie,NC,59.59
San Luis Obispo,CA,59.58
Pickens,GA,59.53
Washita,OK,59.52
Decatur,TN,59.52
Cobb,GA,59.49
Gordon,GA,59.47
Henderson,TN,59.44
Chatham,NC,59.42
Napa,CA,59.39
Mayes,OK,59.39
Kingfisher,OK,59.39
Jackson,GA,59.36
Portsmouth City,VA,59.35
Barrow,GA,59.34
Randolph,NC,59.33
Terry,TX,59.32
Osage,OK,59.26
Independence,AR,59.26
Adair,OK,59.25
Payne,OK,59.25
Virginia Beach City,VA,59.25
Norfolk City,VA,59.23
Alameda,CA,59.21
Garfield,OK,59.21
Noble,OK,59.2
Rogers,OK,59.19
Isle Of Wight,VA,59.19
Stanly,NC,59.18
Jackson,AL,59.17
Suffolk City,VA,59.17
Crockett,TN,59.16
Chattooga,GA,59.16
Hampton City,VA,59.15
Lauderdale,AL,59.13
Gwinnett,GA,59.12
Dunklin,MO,59.1
Wayne,TN,59.06
Cabarrus,NC,59.05
Beckham,OK,59.05
York,SC,59.05
Collingsworth,TX,59.04
Greene,AR,59.04
Blaine,OK,59.04
Perry,TN,59.04
Forsyth,GA,59.04
Gaston,NC,59.0
Cleburne,AR,58.99
Newport News City,VA,58.99
Hertford,NC,58.99
Gates,NC,58.97
Clay,AR,58.96
Pemiscot,MO,58.92
Delaware,OK,58.91
James City,VA,58.9
Franklin,TN,58.88
Dyer,TN,58.86
Sierra,NM,58.86
Washington,OK,58.84
Major,OK,58.84
Benton,TN,58.84
Lincoln,NC,58.83
Surry,VA,58.83
York,VA,58.82
Cherokee,SC,58.81
Yoakum,TX,58.81
Poquoson City,VA,58.81
Lincoln,TN,58.8
Durham,NC,58.8
Van Buren,AR,58.79
Williamsburg City,VA,58.78
Lake,TN,58.77
Halifax,NC,58.75
Lubbock,TX,58.72
Hockley,TX,58.71
Southampton,VA,58.7
Moore,TN,58.7
Cleveland,NC,58.7
Franklin City,VA,58.69
Northampton,NC,58.68
Mathews,VA,58.68
Nash,NC,58.67
Gilmer,GA,58.64
Dawson,GA,58.63
Alfalfa,OK,58.6
Gloucester,VA,58.59
Grant,OK,58.58
Henry,TN,58.57
Lake,CA,58.57
Lancaster,VA,58.56
Humphreys,TN,58.56
Carroll,TN,58.55
Middlesex,VA,58.55
Rowan,NC,58.55
Wilson,TN,58.55
Murray,GA,58.55
Warren,NC,58.54
Sussex,VA,58.54
Whitfield,GA,58.53
New Madrid,MO,58.53
Kay,OK,58.53
Orange,NC,58.52
Alamance,NC,58.52
Franklin,NC,58.52
Santa Cruz,CA,58.5
Giles,TN,58.46
Northampton,VA,58.45
Greensville,VA,58.45
Custer,OK,58.43
Dekalb,TN,58.43
Gibson,TN,58.4
Charles City,VA,58.4
Calloway,KY,58.39
Lawrence,AR,58.38
Warren,TN,58.38
Lawrence,TN,58.38
Wheeler,TX,58.37
Vance,NC,58.36
Houston,TN,58.35
Rutherford,TN,58.35
Cannon,TN,58.35
Franklin,GA,58.33
Maury,TN,58.33
New Kent,VA,58.32
Smith,TN,58.29
Monroe,TN,58.28
King And Queen,VA,58.28
Granville,NC,58.28
Briscoe,TX,58.28
Trousdale,TN,58.27
Lewis,TN,58.27
Fulton,KY,58.25
Catawba,NC,58.25
Coffee,TN,58.25
Cochran,TX,58.24
Davidson,TN,58.23
Prince George,VA,58.23
Trigg,KY,58.21
Floyd,TX,58.19
Davidson,NC,58.19
Weakley,TN,58.19
Obion,TN,58.16
Hart,GA,58.16
Bedford,TN,58.16
Marshall,TN,58.16
Hickman,KY,58.15
Stewart,TN,58.12
Blount,TN,58.1
Polk,TN,58.09
Woods,OK,58.08
Quay,NM,58.07
Macon,TN,58.07
Hopewell City,VA,58.07
Banks,GA,58.07
Hickman,TN,58.06
Stone,AR,58.05
Graves,KY,58.04
Monroe,KY,58.04
Inyo,CA,58.03
Petersburg City,VA,58.02
Todd,KY,58.02
Northumberland,VA,58.01
Luna,NM,58.0
Washington,AR,58.0
Williamson,TN,57.99
Colonial Heights City,VA,57.99
Jackson,TN,57.98
Graham,NC,57.97
Yavapai,AZ,57.97
Marin,CA,57.97
Somerset,MD,57.96
Bradley,TN,57.94
Accomack,VA,57.93
Sonoma,CA,57.89
Muhlenberg,KY,57.89
Cherokee,NC,57.88
Christian,KY,57.88
Bledsoe,TN,57.87
Stephens,GA,57.87
Sevier,TN,57.87
Dickson,TN,57.86
Montgomery,TN,57.85
Marshall,KY,57.85
Cheatham,TN,57.85
Richmond City,VA,57.84
Roosevelt,NM,57.84
Mccracken,KY,57.84
Person,NC,57.82
Nowata,OK,57.82
Searcy,AR,57.81
San Benito,CA,57.8
Walker,GA,57.8
Grundy,TN,57.79
Mcminn,TN,57.78
Fannin,GA,57.77
Hopkins,KY,57.76
Webster,KY,57.71
Donley,TX,57.71
Carlisle,KY,57.7
Henrico,VA,57.7
Dewey,OK,57.68
De Baca,NM,57.68
Caldwell,KY,57.67
Lumpkin,GA,57.67
Iredell,NC,57.66
Mclean,KY,57.66
Monterey,CA,57.65
Woodward,OK,57.64
Izard,AR,57.64
Allen,KY,57.61
Clay,TN,57.6
Mississippi,MO,57.59
Benton,AR,57.59
Lyon,KY,57.59
Mcdonald,MO,57.58
Swisher,TX,57.57
Meigs,TN,57.56
Loudon,TN,57.55
Roger Mills,OK,57.55
Hall,GA,57.55
Chesterfield,VA,57.55
Ballard,KY,57.54
Robertson,TN,57.52
Craig,OK,57.52
Gray,TX,57.52
Bailey,TX,57.49
Marion,TN,57.49
Guilford,NC,57.49
Roberts,TX,57.49
Swain,NC,57.48
Pulaski,IL,57.47
Sharp,AR,57.47
Sumner,TN,57.45
Dorchester,MD,57.45
Habersham,GA,57.44
Dinwiddie,VA,57.44
Massac,IL,57.44
Dade,GA,57.44
Putnam,TN,57.44
Sequatchie,TN,57.43
Ohio,KY,57.4
Mecklenburg,VA,57.39
San Mateo,CA,57.38
Richmond,VA,57.37
San Francisco,CA,57.37
Randolph,AR,57.36
Cocke,TN,57.35
Catoosa,GA,57.34
Livingston,KY,57.33
Hamilton,TN,57.32
Sumner,KS,57.3
Spartanburg,SC,57.3
Curry,NM,57.29
Caswell,NC,57.29
Simpson,KY,57.27
Van Buren,TN,57.26
Carson,TX,57.26
Logan,KY,57.23
Alexander,IL,57.23
Essex,VA,57.22
Madison,AR,57.22
Marion,AR,57.22
Hutchinson,TX,57.18
Newton,MO,57.17
Daviess,KY,57.17
Baxter,AR,57.15
Ellis,OK,57.14
Barren,KY,57.13
Ottawa,OK,57.12
Butler,MO,57.09
Armstrong,TX,57.09
King William,VA,57.09
Hale,TX,57.09
Brunswick,VA,57.08
Overton,TN,57.08
Worcester,MD,57.07
White,GA,57.06
Davie,NC,57.05
Wicomico,MD,57.04
Clinton,KY,57.02
Harper,KS,57.02
Cowley,KS,57.01
Henderson,KY,57.0
Harper,OK,56.99
Jasper,MO,56.96
Newton,AR,56.96
Rhea,TN,56.95
Green,KY,56.94
Crittenden,KY,56.93
Scott,MO,56.92
Danville City,VA,56.92
Metcalfe,KY,56.91
Madison,NC,56.91
Lamb,TX,56.91
Pope,IL,56.91
Boone,AR,56.9
Cumberland,KY,56.9
White,TN,56.89
Castro,TX,56.89
Randall,TX,56.87
Fulton,AR,56.87
Saint Marys,MD,56.84
Hardin,IL,56.79
Westmoreland,VA,56.79
Cape Girardeau,MO,56.79
Parmer,TX,56.77
Butler,KY,56.74
Labette,KS,56.73
Potter,TX,56.73
Chautauqua,KS,56.73
Roane,TN,56.7
Madera,CA,56.68
Pickett,TN,56.68
Deaf Smith,TX,56.66
Montgomery,KS,56.65
Barton,MO,56.64
Stoddard,MO,56.63
Kingman,KS,56.63
Taylor,KY,56.63
Elk,KS,56.63
Marion,KY,56.62
Rockingham,NC,56.61
Crawford,KS,56.61
Forsyth,NC,56.61
Clay,NC,56.61
Union,KY,56.58
Hanover,VA,56.58
Hancock,KY,56.58
Larue,KY,56.57
Adair,KY,56.57
Cumberland,TN,56.55
Cherokee,KS,56.55
Carroll,AR,56.54
Hemphill,TX,56.54
Lunenburg,VA,56.54
Johnson,IL,56.54
Union,IL,56.54
Barber,KS,56.51
Unicoi,TN,56.5
Washington,TN,56.49
Lawrence,MO,56.49
Neosho,KS,56.49
Greene,TN,56.48
Caroline,MD,56.48
Amelia,VA,56.47
Mitchell,NC,56.47
Nottoway,VA,56.45
Russell,KY,56.45
Dade,MO,56.45
Ripley,MO,56.45
Barry,MO,56.43
Sedgwick,KS,56.43
Nelson,KY,56.41
Yancey,NC,56.41
Warren,KY,56.41
Talbot,MD,56.4
Prince Georges,MD,56.39
El Dorado,CA,56.38
Valencia,NM,56.38
Bourbon,KS,56.37
Prince Edward,VA,56.35
Powhatan,VA,56.34
Jefferson,TN,56.34
Union,GA,56.33
Ochiltree,TX,56.33
Boyle,KY,56.32
Wilson,KS,56.32
Cumberland,VA,56.31
Sullivan,TN,56.29
Bedford,VA,56.28
Cedar,MO,56.28
Fentress,TN,56.28
Sussex,DE,56.27
Grayson,KY,56.27
Wayne,KY,56.27
Lipscomb,TX,56.26
Ozark,MO,56.26
Buckingham,VA,56.26
Hansford,TX,56.24
Hart,KY,56.24
Casey,KY,56.23
Williamson,IL,56.22
Halifax,VA,56.22
Carter,TN,56.22
Edmonson,KY,56.21
Towns,GA,56.19
Washington,KY,56.15
Otero,NM,56.14
Campbell,VA,56.14
Beaver,OK,56.14
Hardin,KY,56.12
Charlotte,VA,56.12
Moore,TX,56.11
Oregon,MO,56.11
King George,VA,56.1
Butler,KS,56.1
Calvert,MD,56.09
Lynchburg City,VA,56.08
Polk,MO,56.07
Henry,VA,56.07
Allen,KS,56.06
Garrard,KY,56.06
Chaves,NM,56.05
Grainger,TN,56.05
Reno,KS,56.04
Caroline,VA,56.04
Hamblen,TN,56.03
Bernalillo,NM,56.03
Yadkin,NC,56.02
Oldham,TX,56.02
Appomattox,VA,56.02
Randolph,IL,56.02
Jackson,IL,56.02
Pittsylvania,VA,56.01
Rockcastle,KY,55.99
Laurel,KY,55.98
Queen Annes,MD,55.98
Vernon,MO,55.97
Spencer,IN,55.96
Goochland,VA,55.96
Jackson,KY,55.96
Pratt,KS,55.94
Spotsylvania,VA,55.94
Mendocino,CA,55.93
Perry,IL,55.92
Buchanan,VA,55.92
Taney,MO,55.92
Dallas,MO,55.91
Comanche,KS,55.91
Greene,MO,55.91
Estill,KY,55.9
Macon,NC,55.88
Saint Clair,IL,55.87
Laclede,MO,55.86
Madison,KY,55.86
Nelson,VA,55.86
Warrick,IN,55.84
Monroe,IL,55.84
Buncombe,NC,55.83
Vanderburgh,IN,55.83
Union,TN,55.83
Mariposa,CA,55.83
Hawkins,TN,55.82
Charles,MD,55.82
Pulaski,KY,55.81
Texas,OK,55.81
Oconee,SC,55.8
Christian,MO,55.79
Webster,MO,55.79
Breckinridge,KY,55.78
Amherst,VA,55.77
Mercer,KY,55.76
Whitley,KY,55.75
Stokes,NC,55.75
Louisa,VA,55.74
Pulaski,MO,55.73
Howell,MO,55.73
Greenwood,KS,55.73
Fluvanna,VA,55.7
Haywood,NC,55.69
Stone,MO,55.69
Gallatin,IL,55.66
Fredericksburg City,VA,55.66
Lincoln,KY,55.65
Greenville,SC,55.65
Kent,MD,55.65
Bullitt,KY,55.64
Bristol,VA,55.64
Anne Arundel,MD,55.63
Claiborne,TN,55.62
Franklin,IL,55.61
Kiowa,KS,55.6
Posey,IN,55.6
Bell,KY,55.59
Hancock,TN,55.59
Knox,TN,55.59
Camden,MO,55.59
Harvey,KS,55.57
Mccreary,KY,55.55
Saline,IL,55.55
Pike,KY,55.55
White,IL,55.54
Saint Louis City,MO,55.54
Anderson,TN,55.53
Martinsville City,VA,55.53
Anderson,KY,55.53
Gloucester,NJ,55.53
Carter,MO,55.52
Saint Louis,MO,55.51
Sherman,TX,55.51
Saint Clair,MO,55.51
Perry,MO,55.51
Linn,KS,55.51
Campbell,TN,55.5
Mingo,WV,55.49
Marion,KS,55.49
Washington,IL,55.48
Miami,KS,55.48
Shannon,MO,55.48
Gibson,IN,55.48
Shasta,CA,55.47
Stafford,KS,55.46
Jefferson,MO,55.46
Mcpherson,KS,55.46
Perry,KY,55.46
Miller,MO,55.45
Wright,MO,55.43
Rabun,GA,55.43
Grant,NM,55.43
Spencer,KY,55.42
Henry,KY,55.42
Clark,KS,55.41
Clinton,IL,55.4
Camden,NJ,55.39
Sainte Genevieve,MO,55.39
Knott,KY,55.38
Scott,TN,55.36
Alexandria City,VA,55.35
Reynolds,MO,55.35
Owsley,KY,55.34
Knox,KY,55.33
Shelby,KY,55.33
Franklin,KS,55.33
Bates,MO,55.32
Nevada,CA,55.31
Kent,DE,55.3
Lincoln,NV,55.3
Madison,IL,55.29
Dickinson,KS,55.29
Woodson,KS,55.28
Douglas,MO,55.27
Owen,KY,55.27
Harlan,KY,55.27
Lee,VA,55.26
Trimble,KY,55.26
Polk,NC,55.26
Rice,KS,55.25
Anderson,KS,55.25
Hickory,MO,55.24
Bollinger,MO,55.22
Powell,KY,55.22
Saline,KS,55.21
Hamilton,IL,55.2
Jefferson,KY,55.19
Cole,MO,55.18
Moniteau,MO,55.15
Cumberland,NJ,55.15
Dickenson,VA,55.14
Hartley,TX,55.13
Clark,IN,55.13
Knox,IN,55.11
Texas,MO,55.11
Avery,NC,55.1
Saint Francois,MO,55.1
Dent,MO,55.1
Wayne,MO,55.1
Oldham,KY,55.09
Pike,IN,55.08
Dubois,IN,55.07
Scott,VA,55.07
Phelps,MO,55.06
Clay,KY,55.05
Jessamine,KY,55.05
Edwards,IL,55.05
Meade,KS,55.05
Wabash,IL,55.05
Stevens,KS,55.04
Seward,KS,55.03
Morton,KS,55.01
Morgan,TN,54.98
Franklin,KY,54.97
Meade,KY,54.97
Madison,MO,54.96
Iron,MO,54.95
Chase,KS,54.95
Trinity,CA,54.93
Geary,KS,54.93
Leslie,KY,54.93
Coffey,KS,54.93
Breathitt,KY,54.92
Henderson,NC,54.92
Maries,MO,54.9
Floyd,KY,54.89
Letcher,KY,54.89
Stafford,VA,54.89
Charlottesville City,VA,54.87
Edwards,KS,54.86
Woodford,KY,54.86
Fayette,WV,54.86
Wayne,IL,54.85
Lee,KY,54.84
Orange,VA,54.84
Lawrence,IL,54.84
Albemarle,VA,54.84
Lincoln,WV,54.84
Dallam,TX,54.82
Wolfe,KY,54.81
Clark,KY,54.8
Perry,IN,54.79
Lyon,KS,54.78
Fairfax,VA,54.77
Surry,NC,54.77
Daviess,IN,54.76
Grant,KY,54.76
Fayette,KY,54.75
Scott,KY,54.74
Ellsworth,KS,54.74
Boone,WV,54.74
Cass,MO,54.74
Crawford,MO,54.74
Jackson,NC,54.73
District Of Columbia,DC,54.72
Osage,MO,54.71
Carroll,KY,54.71
Cape May,NJ,54.71
Arlington,VA,54.7
Grant,KS,54.7
Wyandotte,KS,54.7
Magoffin,KY,54.69
Logan,WV,54.68
Wayne,WV,54.67
Nicholas,KY,54.66
Montgomery,MD,54.64
Barton,KS,54.64
Bourbon,KY,54.64
Russell,VA,54.61
Jefferson,IL,54.61
Richland,IL,54.6
Montgomery,KY,54.59
Atlantic,NJ,54.59
Norton City,VA,54.58
Osage,KS,54.58
Harrison,KY,54.58
Shawnee,KS,54.56
Scott,IN,54.56
Henry,MO,54.55
Kanawha,WV,54.55
Saint Charles,MO,54.55
Johnson,TN,54.55
Wise,VA,54.54
Putnam,WV,54.54
Callaway,MO,54.54
Douglas,KS,54.53
Washington,MO,54.52
Johnson,KS,54.52
Stanton,KS,54.52
Pawnee,KS,54.5
Buena Vista City,VA,54.49
Riley,KS,54.49
Clay,IL,54.49
Crawford,IN,54.49
Haskell,KS,54.47
Cabell,WV,54.47
Gallatin,KY,54.47
Harrison,IN,54.46
Prince William,VA,54.46
Marion,IL,54.43
Morgan,MO,54.42
Hamilton,OH,54.41
Kenton,KY,54.41
Manassas City,VA,54.4
Ford,KS,54.39
Morris,KS,54.39
Cimarron,OK,54.37
Fairfax City,VA,54.36
Pendleton,KY,54.36
Clay,KS,54.36
Josephine,OR,54.35
Jackson,MO,54.34
Leavenworth,KS,54.34
Floyd,IN,54.34
Martin,IN,54.33
Burlington,NJ,54.33
Orange,IN,54.32
Benton,MO,54.32
Jefferson,KS,54.28
Boone,MO,54.26
Manassas Park City,VA,54.25
Patrick,VA,54.24
Clermont,OH,54.24
Falls Church City,VA,54.23
Robertson,KY,54.23
Bath,KY,54.23
Wabaunsee,KS,54.23
Gasconade,MO,54.22
Campbell,KY,54.21
Fauquier,VA,54.2
Salem,NJ,54.2
Franklin,MO,54.2
Lawrence,OH,54.2
Switzerland,IN,54.19
Bracken,KY,54.19
Pickens,SC,54.19
Martin,KY,54.15
Navajo,AZ,54.15
Johnson,MO,54.15
Pottawatomie,KS,54.13
Gray,KS,54.12
Rush,KS,54.11
Coconino,AZ,54.11
Placer,CA,54.09
Mason,KY,54.08
Rutherford,NC,54.07
New Castle,DE,54.06
Culpeper,VA,54.06
Menifee,KY,54.05
Washington,IN,54.05
Humboldt,CA,54.04
Baltimore City,MD,54.03
Pettis,MO,54.02
Fleming,KY,54.01
Platte,MO,54.01
Cooper,MO,54.0
Rowan,KY,53.99
Jackson,KS,53.99
Ottawa,KS,53.99
Sullivan,IN,53.95
Cecil,MD,53.94
Washington,VA,53.93
Mcdowell,NC,53.92
Bent,CO,53.91
Rappahannock,VA,53.91
Bond,IL,53.91
Johnson,KY,53.9
Montgomery,IL,53.89
Elliott,KY,53.88
Morgan,KY,53.87
Boyd,KY,53.87
Guadalupe,NM,53.86
Baca,CO,53.86
Lewis,KY,53.82
Douglas,OR,53.81
Madison,VA,53.81
Wyoming,WV,53.81
Hodgeman,KS,53.81
Boone,KY,53.8
Lawrence,KY,53.78
Lincoln,MO,53.78
Jackson,WV,53.75
Crawford,IL,53.75
Montgomery,MO,53.74
Jefferson,IN,53.74
Atchison,KS,53.73
Greene,IN,53.73
Curry,OR,53.73
Ness,KS,53.72
Audrain,MO,53.72
Monmouth,NJ,53.71
Jasper,IL,53.69
Howard,MD,53.69
Mcdowell,WV,53.69
Ocean,NJ,53.68
Lafayette,MO,53.68
Warren,MO,53.66
Baltimore,MD,53.66
Nassau,NY,53.65
Carter,KY,53.64
San Juan,UT,53.63
Howard,MO,53.62
Esmeralda,NV,53.62
Wirt,WV,53.61
Brown,OH,53.6
Multnomah,OR,53.6
Queens,NY,53.59
Harford,MD,53.58
Clay,IN,53.58
Saline,MO,53.58
Clay,MO,53.58
Botetourt,VA,53.58
Page,VA,53.57
Monroe,MO,53.57
Lincoln,KS,53.56
Jersey,IL,53.55
Washington,UT,53.55
Ralls,MO,53.55
Greenup,KY,53.55
Calhoun,WV,53.54
Fayette,IL,53.52
Clay,WV,53.52
Russell,KS,53.51
Cumberland,IL,53.51
Finney,KS,53.49
Mason,WV,53.48
Transylvania,NC,53.48
Randolph,MO,53.46
Christian,IL,53.45
Coles,IL,53.45
Gallia,OH,53.45
Burke,NC,53.44
Vigo,IN,53.44
Braxton,WV,53.43
Pike,MO,53.42
Shelby,IL,53.42
Ellis,KS,53.41
Macoupin,IL,53.4
Roane,WV,53.4
Effingham,IL,53.39
Calhoun,IL,53.38
Del Norte,CA,53.38
Loudoun,VA,53.38
Washington,MD,53.37
Chariton,MO,53.34
Clark,IL,53.33
Moultrie,IL,53.32
Wood,WV,53.31
Tuolumne,CA,53.29
Marion,MO,53.28
Carroll,MO,53.27
Jefferson,WV,53.26
Franklin,VA,53.26
San Juan,NM,53.26
Ritchie,WV,53.24
Washington,KS,53.23
Ohio,IN,53.23
Buchanan,MO,53.22
Lawrence,IN,53.2
Socorro,NM,53.19
Nicholas,WV,53.18
Gilmer,WV,53.17
Benton,WA,53.17
Otero,CO,53.16
Lane,KS,53.14
Cloud,KS,53.13
Greene,VA,53.09
Prowers,CO,53.08
Trego,KS,53.06
Lincoln,NM,53.06
Greene,IL,53.05
Clark,WA,53.05
Coos,OR,53.02
York,PA,53.01
Tazewell,VA,53.0
Doniphan,KS,53.0
Clackamas,OR,52.99
Pike,IL,52.94
Scioto,OH,52.94
Scott,IL,52.93
Osborne,KS,52.92
Lancaster,PA,52.9
Jennings,IN,52.87
Berkeley,WV,52.87
Marshall,KS,52.86
Clarke,VA,52.85
Shelby,MO,52.85
Scott,KS,52.83
Kearny,KS,52.82
Winchester City,VA,52.82
Frederick,MD,52.82
Hamilton,KS,52.82
Warren,VA,52.81
Adams,OH,52.81
Mitchell,KS,52.8
Dearborn,IN,52.8
Rooks,KS,52.8
Kings,NY,52.78
Pulaski,VA,52.78
Grand,UT,52.77
Hampshire,WV,52.76
Warren,OH,52.75
Jackson,OH,52.74
Webster,WV,52.73
Greeley,KS,52.72
Ripley,IN,52.72
Jackson,OR,52.71
Morgan,IL,52.71
Radford,VA,52.7
Shenandoah,VA,52.7
Wichita,KS,52.69
Sangamon,IL,52.69
Roanoke City,VA,52.69
Brown,KS,52.68
Edgar,IL,52.67
Umatilla,OR,52.63
Morrow,OR,52.63
Raleigh,WV,52.63
Frederick,VA,52.62
Storey,NV,52.62
Bartholomew,IN,52.59
Morgan,WV,52.59
Delaware,PA,52.59
Butler,OH,52.58
Parke,IN,52.58
Lane,OR,52.57
Decatur,IN,52.55
Graham,KS,52.53
Fairfield,OH,52.52
Jackson,IN,52.49
Mesa,CO,52.48
Nemaha,KS,52.47
Smyth,VA,52.47
Adams,IL,52.47
Pleasants,WV,52.46
Douglas,IL,52.45
Philadelphia,PA,52.43
Pike,OH,52.42
Vinton,OH,52.41
Floyd,VA,52.4
Grayson,VA,52.4
Owen,IN,52.39
Montgomery,VA,52.38
Macon,IL,52.38
Santa Fe,NM,52.38
Walla Walla,WA,52.38
Macon,MO,52.35
Clinton,MO,52.35
Richmond,NY,52.35
Carroll,MD,52.34
Upshur,WV,52.34
Lewis,MO,52.33
Putnam,IN,52.32
Marion,OR,52.32
Gove,KS,52.3
Clinton,OH,52.3
Brown,IL,52.3
Vermillion,IN,52.29
Ray,MO,52.26
Carroll,VA,52.24
Livingston,MO,52.23
Brown,IN,52.21
Marshall,WV,52.2
Mineral,NV,52.2
Phillips,KS,52.2
Mercer,NJ,52.2
Wilkes,NC,52.2
Hocking,OH,52.18
Utah,UT,52.18
Cass,IL,52.17
Rockingham,VA,52.17
Harrisonburg City,VA,52.17
Roanoke,VA,52.16
Republic,KS,52.15
Lewis,WV,52.13
Chester,PA,52.12
Ashe,NC,52.12
Franklin,WA,52.11
Perry,OH,52.11
Hancock,IL,52.1
Richardson,NE,52.1
Suffolk,NY,52.1
Alleghany,NC,52.1
Menard,IL,52.07
Caldwell,MO,52.07
Pickaway,OH,52.07
Harrison,WV,52.06
Clark,MO,52.06
Galax City,VA,52.03
Ohio,WV,52.02
Monroe,IN,52.01
Pierce,WA,52.0
Adams,PA,52.0
Cowlitz,WA,51.98
Montgomery,PA,51.97
Doddridge,WV,51.96
Giles,VA,51.96
Salt Lake,UT,51.96
Kitsap,WA,51.94
Lee,IA,51.93
Wythe,VA,51.92
Jewell,KS,51.92
Linn,MO,51.9
Hudson,NJ,51.89
Johnson,IN,51.88
Alexander,NC,51.86
Shelby,IN,51.86
Barbour,WV,51.86
Westchester,NY,51.86
Ross,OH,51.84
Kiowa,CO,51.84
Salem,VA,51.84
Sheridan,KS,51.84
Craig,VA,51.83
Highland,OH,51.8
Greene,OH,51.8
King,WA,51.8
Washington,OR,51.79
Tyler,WV,51.79
Harding,NM,51.79
Daviess,MO,51.78
Marion,WV,51.78
Meigs,OH,51.76
Dekalb,MO,51.76
Washington,OH,51.75
Brooke,WV,51.75
Mercer,WV,51.75
Logan,KS,51.75
Berks,PA,51.75
Pawnee,NE,51.74
Greene,PA,51.74
Knox,MO,51.73
Holt,MO,51.73
Taylor,WV,51.7
Mason,IL,51.7
Yamhill,OR,51.69
Gage,NE,51.67
Morgan,IN,51.66
Fayette,OH,51.66
Hendricks,IN,51.66
Bland,VA,51.66
Nemaha,NE,51.65
Schuyler,IL,51.65
Smith,KS,51.64
Monongalia,WV,51.63
Washington,PA,51.62
Columbia,WA,51.58
Marion,IN,51.56
Atchison,MO,51.55
Andrew,MO,51.55
Franklin,IN,51.54
Montgomery,OH,51.54
Wetzel,WV,51.53
Norton,KS,51.53
Churchill,NV,51.53
Dewitt,IL,51.52
Jefferson,OH,51.52
Jefferson,NE,51.52
Scotland,MO,51.52
Greenlee,AZ,51.51
Vermilion,IL,51.51
Nye,NV,51.51
Bronx,NY,51.51
Belmont,OH,51.49
Saline,NE,51.48
Thurston,WA,51.47
Logan,IL,51.47
Henderson,IL,51.45
Rush,IN,51.44
Rawlins,KS,51.44
Lexington City,VA,51.43
Cheyenne,KS,51.42
Johnson,NE,51.41
Hancock,IN,51.4
Lewis,WA,51.4
Henry,IA,51.39
Waynesboro City,VA,51.39
Wallace,KS,51.39
Tazewell,IL,51.38
Thayer,NE,51.38
Thomas,KS,51.37
Boone,IN,51.36
Rockbridge,VA,51.35
Tillamook,OR,51.35
Watauga,NC,51.35
Hancock,WV,51.34
Monroe,OH,51.34
Union,NJ,51.34
Bucks,PA,51.32
Athens,OH,51.32
Fountain,IN,51.32
Montrose,CO,51.31
Van Buren,IA,51.31
Noble,OH,51.31
Ada,ID,51.3
Clinton,IN,51.28
Piatt,IL,51.27
Lancaster,NE,51.25
Mcdonough,IL,51.24
Union,IN,51.24
New York,NY,51.23
Des Moines,IA,51.23
Apache,AZ,51.22
Montgomery,IN,51.22
Pueblo,CO,51.22
Hunterdon,NJ,51.22
Fayette,IN,51.21
Grundy,MO,51.21
Randolph,WV,51.21
Gentry,MO,51.18
Fremont,IA,51.18
Allegheny,PA,51.18
Dundy,NE,51.16
Polk,OR,51.15
Cumberland,PA,51.15
Owyhee,ID,51.15
Torrance,NM,51.12
Champaign,IL,51.11
Skamania,WA,51.11
Island,WA,51.1
Warren,IN,51.1
Dauphin,PA,51.09
Preston,WV,51.09
Guernsey,OH,51.09
Middlesex,NJ,51.08
Sherman,KS,51.08
Auglaize,OH,51.07
Adair,MO,51.07
Franklin,OH,51.06
Somerset,NJ,51.06
Otoe,NE,51.05
Clark,OH,51.05
Lehigh,PA,51.04
Pershing,NV,51.04
Morgan,OH,51.03
Shelby,OH,51.03
Perry,PA,51.03
Fulton,IL,51.02
Mclean,IL,51.02
Nuckolls,NE,51.02
Canyon,ID,51.01
Webster,NE,50.99
Mercer,IL,50.99
Union,OR,50.98
Mason,WA,50.98
Fillmore,NE,50.97
Madison,OH,50.97
Las Animas,CO,50.97
Louisa,IA,50.96
Hamilton,IN,50.95
Skagit,WA,50.95
Champaign,OH,50.95
Lebanon,PA,50.95
Schuyler,MO,50.94
Lincoln,OR,50.94
Linn,OR,50.93
Page,IA,50.91
Monroe,WV,50.9
Decatur,KS,50.9
Beaver,PA,50.9
Mercer,OH,50.9
Carroll,IN,50.88
Payette,ID,50.88
Benton,OR,50.88
Fairfield,CT,50.88
Lake,IN,50.86
Delaware,IN,50.85
Harrison,OH,50.85
Miami,OH,50.82
Pacific,WA,50.82
Tippecanoe,IN,50.82
Denver,CO,50.82
Hamilton,NE,50.82
Harrison,MO,50.82
Warren,IL,50.81
Henry,IN,50.81
Nodaway,MO,50.81
Clatsop,OR,50.8
Logan,OH,50.79
Hitchcock,NE,50.79
Howard,IN,50.79
Wahkiakum,WA,50.78
Sullivan,MO,50.78
Preble,OH,50.78
Columbia,OR,50.78
Crowley,CO,50.77
Adams,NE,50.77
Porter,IN,50.76
Union,OH,50.76
Franklin,NE,50.75
Woodford,IL,50.75
Harlan,NE,50.75
Clay,NE,50.73
Wasco,OR,50.72
Lyon,NV,50.72
Seward,NE,50.72
Furnas,NE,50.7
Ford,IL,50.7
Sarpy,NE,50.7
Darke,OH,50.7
Hardin,OH,50.7
York,NE,50.69
San Miguel,CO,50.69
Tipton,IN,50.68
Randolph,IN,50.68
Westmoreland,PA,50.67
Delaware,OH,50.67
Fayette,PA,50.67
Whatcom,WA,50.66
Cheyenne,CO,50.65
Franklin,PA,50.65
Benton,IN,50.64
Peoria,IL,50.64
Tooele,UT,50.62
Beaver,UT,50.62
Yuma,CO,50.61
Red Willow,NE,50.61
Snohomish,WA,50.6
Nantucket,MA,50.58
Cass,NE,50.57
Knox,IL,50.57
Madison,IN,50.57
Hall,NE,50.57
Henry,IL,50.56
Mills,IA,50.56
Millard,UT,50.55
Caldwell,NC,50.55
Davis,IA,50.55
Wayne,IN,50.54
Douglas,NE,50.54
Worth,MO,50.53
Snyder,PA,50.53
Siskiyou,CA,50.53
Northumberland,PA,50.53
Newport,RI,50.52
Jay,IN,50.52
Essex,NJ,50.52
Davis,UT,50.51
Staunton City,VA,50.5
Gosper,NE,50.5
Marion,OH,50.5
Iroquois,IL,50.49
Covington City,VA,50.48
Erie,OH,50.47
Phelps,NE,50.47
Dukes,MA,50.47
Van Wert,OH,50.46
San Miguel,NM,50.46
Medina,OH,50.45
Adams,IN,50.45
Mercer,MO,50.45
Grays Harbor,WA,50.45
Blackford,IN,50.43
Kearney,NE,50.43
Delta,CO,50.42
Summers,WV,50.42
Rock Island,IL,50.41
Grant,IN,50.41
Barnstable,MA,50.39
Grundy,IL,50.39
Hayes,NE,50.38
Augusta,VA,50.38
Wyandot,OH,50.38
San Juan,WA,50.37
Cass,IN,50.37
Phillips,CO,50.37
Muskingum,OH,50.35
Will,IL,50.34
Tuscarawas,OH,50.34
Seneca,OH,50.33
Rockland,NY,50.33
Taylor,IA,50.33
Schuylkill,PA,50.33
Sandusky,OH,50.33
Putnam,MO,50.33
Wells,IN,50.33
Allen,OH,50.32
Kit Carson,CO,50.32
Frontier,NE,50.32
Jefferson,IA,50.31
Bristol,RI,50.3
Chase,NE,50.29
Livingston,IL,50.29
Lorain,OH,50.28
White,IN,50.28
Muscatine,IA,50.28
Ottawa,OH,50.28
Weber,UT,50.28
Crawford,OH,50.27
Miami,IN,50.27
Polk,NE,50.25
Washington,RI,50.23
Adams,CO,50.22
Putnam,IL,50.22
Kane,UT,50.21
Kankakee,IL,50.2
Washington,NE,50.19
Plymouth,MA,50.18
Huntington,IN,50.18
Sedgwick,CO,50.18
Grant,WA,50.17
Cuyahoga,OH,50.17
La Porte,IN,50.17
Union,NM,50.16
Douglas,CO,50.16
Newton,IN,50.16
Carroll,OH,50.16
Perkins,NE,50.16
Jasper,IN,50.15
Arapahoe,CO,50.15
Ringgold,IA,50.14
Marshall,IL,50.12
Bristol,MA,50.12
Huron,OH,50.11
Berrien,MI,50.11
Putnam,NY,50.1
Pottawattamie,IA,50.09
Sherman,OR,50.08
Appanoose,IA,50.08
Stark,IL,50.05
Juab,UT,50.04
Montgomery,IA,50.03
Wapello,IA,50.03
Bergen,NJ,50.03
Fulton,PA,50.02
Hancock,OH,50.02
Kosciusko,IN,50.01
Butler,NE,50.01
Allegany,MD,49.99
Juniata,PA,49.98
Decatur,IA,49.97
Sierra,CA,49.97
Iron,UT,49.96
Saunders,NE,49.95
Morrow,OH,49.95
Geauga,OH,49.91
Washington,ID,49.9
Monroe,IA,49.9
Clarke,IA,49.9
Whitley,IN,49.9
Stark,OH,49.89
Washington,IA,49.89
Lucas,IA,49.89
Wood,OH,49.88
Kendall,IL,49.87
Wabash,IN,49.87
Lucas,OH,49.86
Hardy,WV,49.85
Pendleton,WV,49.85
Yakima,WA,49.85
Allen,IN,49.81
Marshall,IN,49.8
Starke,IN,49.79
Wayne,IA,49.79
Fulton,IN,49.78
Pulaski,IN,49.78
Elkhart,IN,49.77
Marion,IA,49.77
Portage,OH,49.76
Middlesex,CT,49.75
Mahaska,IA,49.74
St Joseph,IN,49.71
Licking,OH,49.7
Wayne,MI,49.69
Cass,MI,49.69
Adams,IA,49.68
Sevier,UT,49.67
Summit,OH,49.67
Suffolk,MA,49.66
Garfield,WA,49.65
Tucker,WV,49.63
Clallam,WA,49.62
Jefferson,WA,49.61
Warren,IA,49.61
Asotin,WA,49.59
Harrison,IA,49.58
Alleghany,VA,49.57
Union,IA,49.54
Greenbrier,WV,49.53
Lake,OH,49.53
Columbiana,OH,49.52
Paulding,OH,49.51
Cass,IA,49.51
Van Buren,MI,49.51
Noble,IN,49.5
Bureau,IL,49.49
Union,PA,49.48
Elbert,CO,49.47
Wayne,OH,49.47
Jerome,ID,49.43
Monroe,MI,49.43
Keith,NE,49.42
Washington,CO,49.41
Lawrence,PA,49.41
Dawson,NE,49.4
Indiana,PA,49.39
Kent,RI,49.39
Colfax,NE,49.38
Richland,OH,49.38
Los Alamos,NM,49.38
Twin Falls,ID,49.37
Platte,NE,49.36
Ashland,OH,49.36
Keokuk,IA,49.35
Merrick,NE,49.33
Putnam,OH,49.33
Garfield,UT,49.32
Somerset,PA,49.31
Humboldt,NV,49.31
Passaic,NJ,49.3
Norfolk,MA,49.3
Henry,OH,49.3
Dodge,NE,49.27
Buffalo,NE,49.27
Orange,NY,49.27
Gem,ID,49.26
La Salle,IL,49.26
Holmes,OH,49.26
Monona,IA,49.22
Scott,IA,49.21
Burt,NE,49.21
Gilliam,OR,49.2
Madison,IA,49.2
Coshocton,OH,49.19
Saint Joseph,MI,49.18
Thurston,NE,49.17
Sanpete,UT,49.17
Douglas,WA,49.17
Howard,NE,49.16
Knox,OH,49.16
Jasper,IA,49.15
Shelby,IA,49.14
Sussex,NJ,49.14
Bedford,PA,49.1
Deuel,NE,49.1
Arthur,NE,49.1
Nance,NE,49.1
Butler,PA,49.08
Malheur,OR,49.08
New Haven,CT,49.06
Mahoning,OH,49.05
New London,CT,49.01
Lagrange,IN,48.99
Mono,CA,48.98
Adair,IA,48.97
Morris,NJ,48.96
Morgan,CO,48.95
Sherman,NE,48.94
Allegan,MI,48.93
Armstrong,PA,48.93
De Kalb,IN,48.92
Polk,IA,48.91
Mifflin,PA,48.9
Knox,NE,48.87
Woodbury,IA,48.87
Ashtabula,OH,48.85
Mckinley,NM,48.85
Steuben,IN,48.83
Defiance,OH,48.82
Cuming,NE,48.82
Branch,MI,48.81
Trumbull,OH,48.81
Lincoln,NE,48.79
Johnson,IA,48.77
Dolores,CO,48.76
Brown,NE,48.76
Fulton,OH,48.75
Dakota,NE,48.74
Whiteside,IL,48.72
Antelope,NE,48.71
Audubon,IA,48.7
Hood River,OR,48.69
Greeley,NE,48.68
Madison,NE,48.68
Erie,PA,48.67
Genesee,NY,48.64
Orleans,NY,48.64
Rock,NE,48.64
Garrett,MD,48.63
Cambria,PA,48.62
Monroe,NY,48.62
Niagara,NY,48.62
Cibola,NM,48.62
Lander,NV,48.61
Piute,UT,48.61
Bon Homme,SD,48.6
Lincoln,CO,48.6
Logan,NE,48.6
Wheeler,OR,48.58
Cedar,IA,48.57
Cook,IL,48.56
Dupage,IL,48.56
Calhoun,MI,48.56
Essex,MA,48.56
Cedar,NE,48.55
Washoe,NV,48.54
Wayne,NE,48.54
Providence,RI,48.53
Stanton,NE,48.53
Wayne,NY,48.51
Thomas,NE,48.5
Wheeler,NE,48.48
Lenawee,MI,48.48
Custer,NE,48.48
Jefferson,OR,48.47
Pierce,NE,48.45
Iowa,IA,48.45
Bath,VA,48.45
Mineral,WV,48.44
Loup,NE,48.44
Boyd,NE,48.44
Guthrie,IA,48.43
Morgan,UT,48.43
Northampton,PA,48.42
Boone,NE,48.42
Kalamazoo,MI,48.41
Dekalb,IL,48.39
Poweshiek,IA,48.38
Dallas,IA,48.38
Macomb,MI,48.37
Banner,NE,48.37
Keya Paha,NE,48.36
Montezuma,CO,48.36
Lassen,CA,48.35
Williams,OH,48.34
Washtenaw,MI,48.32
Dutchess,NY,48.31
Mellette,SD,48.29
Holt,NE,48.27
Plumas,CA,48.26
Chautauqua,NY,48.24
Elmore,ID,48.24
Grant,WV,48.23
Ontario,NY,48.23
Valley,NE,48.23
Lee,IL,48.22
Whitman,WA,48.22
Garfield,NE,48.21
Cheyenne,NE,48.21
Sandoval,NM,48.2
Kane,IL,48.2
Mcpherson,NE,48.2
Windham,CT,48.2
Charles Mix,SD,48.15
Dixon,NE,48.14
Morrill,NE,48.13
Logan,CO,48.12
Crawford,IA,48.12
Barry,MI,48.11
Blaine,NE,48.09
Shannon,SD,48.08
Centre,PA,48.08
Douglas,SD,48.08
Garden,NE,48.07
Jackson,SD,48.07
Hillsdale,MI,48.06
Cayuga,NY,48.03
Seneca,NY,48.03
Catron,NM,48.02
Kenosha,WI,48.02
Crawford,PA,48.01
Ogle,IL,48.0
Colfax,NM,48.0
Adams,WA,47.98
Weld,CO,47.98
Erie,NY,47.98
Mercer,PA,47.97
Kittitas,WA,47.97
Racine,WI,47.97
Tripp,SD,47.93
Boone,IA,47.92
Okanogan,WA,47.9
Genesee,MI,47.89
Jackson,MI,47.88
Lake,IL,47.88
Eaton,MI,47.87
Pocahontas,WV,47.84
Montour,PA,47.83
Dawes,NE,47.83
Livingston,MI,47.82
Cassia,ID,47.82
Huntingdon,PA,47.82
Hutchinson,SD,47.8
Big Horn,MT,47.8
Gregory,SD,47.78
Cherry,NE,47.78
Modoc,CA,47.78
Todd,SD,47.78
Columbia,PA,47.77
Lapeer,MI,47.77
Warren,PA,47.77
Tuscola,MI,47.76
Oakland,MI,47.74
Yankton,SD,47.73
Grant,NE,47.72
Scotts Bluff,NE,47.71
Clarion,PA,47.71
Bennett,SD,47.7
Box Butte,NE,47.69
Forest,PA,47.69
Tama,IA,47.68
Jones,IA,47.68
Hooker,NE,47.68
Jefferson,PA,47.67
Kimball,NE,47.67
Boone,IL,47.65
Clinton,IA,47.64
Plymouth,IA,47.63
Milwaukee,WI,47.63
Ottawa,MI,47.61
Columbia,NY,47.61
Jones,SD,47.6
Adams,ID,47.58
Ingham,MI,47.57
Carroll,IA,47.57
Livingston,NY,47.57
Story,IA,47.56
Venango,PA,47.54
Marshall,IA,47.54
Yellowstone,MT,47.54
Greene,IA,47.51
Black Hawk,IA,47.51
Linn,IA,47.48
Ida,IA,47.48
Dubuque,IA,47.47
Benton,IA,47.47
Winnebago,IL,47.44
Ferry,WA,47.43
Lincoln,WA,47.4
Sullivan,PA,47.4
Yates,NY,47.4
Jackson,IA,47.39
Blair,PA,47.39
Crook,OR,47.38
Davison,SD,47.37
Carson City,NV,47.37
Lyman,SD,47.36
Wayne,UT,47.36
Ionia,MI,47.36
Goshen,WY,47.35
Schuyler,NY,47.35
Shiawassee,MI,47.33
Mchenry,IL,47.32
Jo Daviess,IL,47.31
Grant,OR,47.31
Wyoming,NY,47.3
Carroll,IL,47.3
Grundy,IA,47.29
Stanley,SD,47.28
Latah,ID,47.28
Lycoming,PA,47.27
Union,SD,47.26
Emery,UT,47.26
Rock,WI,47.25
Webster,IA,47.23
Muskegon,MI,47.23
Warren,NJ,47.23
Douglas,NV,47.22
Litchfield,CT,47.21
Saint Clair,MI,47.2
Hardin,IA,47.17
Clinton,MI,47.17
Eureka,NV,47.15
Gratiot,MI,47.15
Hamilton,IA,47.15
Tolland,CT,47.14
Middlesex,MA,47.14
Bradford,PA,47.13
Haakon,SD,47.12
Benewah,ID,47.12
Stephenson,IL,47.11
Walworth,WI,47.11
Power,ID,47.11
Clinton,PA,47.11
Garfield,CO,47.1
Sac,IA,47.1
Chemung,NY,47.09
Saginaw,MI,47.08
Aurora,SD,47.07
Treasure,MT,47.06
Clay,SD,47.06
Klickitat,WA,47.03
Highland,VA,47.03
Ozaukee,WI,47.0
Pennington,SD,46.97
Cache,UT,46.97
Fall River,SD,46.96
Baker,OR,46.96
Rensselaer,NY,46.96
Calhoun,IA,46.94
Crawford,WI,46.93
Uintah,UT,46.93
Platte,WY,46.92
Kootenai,ID,46.91
Kent,MI,46.91
Sheridan,NE,46.9
Waukesha,WI,46.9
Laramie,WY,46.89
Brule,SD,46.88
Buchanan,IA,46.87
Lake,OR,46.86
Lewis,ID,46.86
Carbon,PA,46.85
Clearfield,PA,46.84
La Crosse,WI,46.83
Delaware,IA,46.83
Spokane,WA,46.82
Grant,WI,46.82
Nez Perce,ID,46.81
Lafayette,WI,46.8
Lawrence,SD,46.79
Clayton,IA,46.78
Hartford,CT,46.73
Houston,MN,46.72
Ouray,CO,46.71
El Paso,CO,46.71
Hanson,SD,46.7
Winona,MN,46.69
Clearwater,ID,46.69
Cherokee,IA,46.67
Tioga,NY,46.67
Jefferson,WI,46.66
Pike,PA,46.66
Luzerne,PA,46.66
Susquehanna,PA,46.64
Bremer,IA,46.64
Humboldt,IA,46.62
Powder River,MT,46.61
Idaho,ID,46.61
Sioux,IA,46.6
Midland,MI,46.6
Stevens,WA,46.59
Niobrara,WY,46.59
Pend Oreille,WA,46.58
Worcester,MA,46.57
Pocahontas,IA,46.56
Turner,SD,46.55
Broomfield,CO,46.55
Box Elder,UT,46.54
Butler,IA,46.54
Green,WI,46.47
Lyon,IA,46.47
Oceana,MI,46.46
Buena Vista,IA,46.45
Rosebud,MT,46.45
Washington,NY,46.44
Monroe,PA,46.43
Hughes,SD,46.42
Bay,MI,46.4
Sioux,NE,46.39
Broome,NY,46.33
Lincoln,SD,46.32
Allamakee,IA,46.3
Jerauld,SD,46.29
Wright,IA,46.29
Dane,WI,46.27
Tompkins,NY,46.26
Albany,NY,46.25
Deschutes,OR,46.22
Steuben,NY,46.22
Schenectady,NY,46.22
Gooding,ID,46.2
Fayette,IA,46.2
Dodge,WI,46.2
Shoshone,ID,46.19
Onondaga,NY,46.19
Sanilac,MI,46.18
Montcalm,MI,46.17
Sanborn,SD,46.17
Madison,NY,46.16
Chelan,WA,46.16
Buffalo,WI,46.14
Oneida,ID,46.14
Dakota,MN,46.11
Bannock,ID,46.11
Musselshell,MT,46.1
Palo Alto,IA,46.08
Wayne,PA,46.08
Bonner,ID,46.04
Boundary,ID,46.03
Scott,MN,46.03
Isabella,MI,46.01
Berkshire,MA,46.0
Franklin,IA,46.0
Wyoming,PA,45.99
Newaygo,MI,45.98
Mccook,SD,45.97
Cortland,NY,45.96
Greene,NY,45.96
Sanders,MT,45.95
Bennington,VT,45.95
Tioga,PA,45.94
Ravalli,MT,45.93
Meade,SD,45.9
Converse,WY,45.9
Delaware,NY,45.89
Sheboygan,WI,45.89
Kossuth,IA,45.89
Rockingham,NH,45.88
Franklin,MA,45.88
Vernon,WI,45.87
Washington,WI,45.87
Saratoga,NY,45.86
Schoharie,NY,45.84
White Pine,NV,45.84
Mason,MI,45.82
Trempealeau,WI,45.81
Sully,SD,45.81
Rutland,VT,45.81
Huron,MI,45.8
Columbia,WI,45.79
Mineral,MT,45.78
Lincoln,MT,45.77
Grand Traverse,MI,45.76
Hancock,IA,45.75
Minidoka,ID,45.72
Clay,IA,45.7
Kalkaska,MI,45.7
Otsego,NY,45.7
Winnebago,IA,45.69
Cameron,PA,45.66
Green Lake,WI,45.64
Washakie,WY,45.64
Minnehaha,SD,45.63
Fond Du Lac,WI,45.63
Missoula,MT,45.63
Buffalo,SD,45.62
Harney,OR,45.61
Sauk,WI,45.61
Hillsborough,NH,45.61
York,ME,45.61
Hampshire,MA,45.61
Obrien,IA,45.6
Beadle,SD,45.59
Custer,MT,45.58
Strafford,NH,45.57
Benzie,MI,45.56
Ketchikan Gateway,AK,45.55
Lake,MI,45.54
Miner,SD,45.54
Ziebach,SD,45.53
Moffat,CO,45.53
Floyd,IA,45.52
Emmet,IA,45.52
Faribault,MN,45.51
Lincoln,ME,45.51
Hampden,MA,45.5
Stillwater,MT,45.5
Lackawanna,PA,45.49
Iowa,WI,45.47
Chickasaw,IA,45.45
Chenango,NY,45.44
Prince Of Wales Hyder,AK,45.43
Osceola,IA,45.43
Montgomery,NY,45.43
Lake,MT,45.42
Cerro Gordo,IA,45.41
Richland,WI,45.39
Manistee,MI,45.39
Antrim,MI,45.39
Rice,MN,45.38
Le Sueur,MN,45.38
Carbon,MT,45.37
Oswego,NY,45.36
Martin,MN,45.35
Calumet,WI,45.35
Hyde,SD,45.34
Hand,SD,45.34
Knox,ME,45.29
Goodhue,MN,45.28
Sagadahoc,ME,45.27
Campbell,WY,45.26
Rock,MN,45.25
Elk,PA,45.24
Blue Earth,MN,45.23
Big Horn,WY,45.23
Worth,IA,45.22
Chittenden,VT,45.22
Addison,VT,45.19
Potter,PA,45.18
Pepin,WI,45.15
Pierce,WI,45.15
Butte,SD,45.14
Marquette,WI,45.14
Cascade,MT,45.13
Howard,IA,45.13
Mitchell,IA,45.12
Steele,MN,45.12
Petroleum,MT,45.12
Klamath,OR,45.12
Winnebago,WI,45.11
Freeborn,MN,45.11
Daggett,UT,45.1
Weston,WY,45.1
Waseca,MN,45.09
Cattaraugus,NY,45.09
Dodge,MN,45.08
Manitowoc,WI,45.07
Wallowa,OR,45.07
Natrona,WY,45.06
Ulster,NY,45.05
Jackson,MN,45.03
Mecosta,MI,45.02
Watonwan,MN,45.01
Grand Isle,VT,45.0
Dickinson,IA,44.98
Sullivan,NY,44.98
Rio Blanco,CO,44.98
Wabasha,MN,44.96
Garfield,MT,44.96
Iosco,MI,44.95
Johnson,WY,44.95
Olmsted,MN,44.95
Nicollet,MN,44.95
Brown,MN,44.92
Allegany,NY,44.92
Jefferson,NY,44.91
Cumberland,ME,44.91
Cottonwood,MN,44.9
Boise,ID,44.89
Redwood,MN,44.89
Rio Arriba,NM,44.89
Washington,MN,44.88
Judith Basin,MT,44.88
Winneshiek,IA,44.88
Wexford,MI,44.87
Kewaunee,WI,44.86
Lake,SD,44.86
Dewey,SD,44.85
Carter,MT,44.85
Huerfano,CO,44.84
Yellow Medicine,MN,44.83
Nobles,MN,44.76
Cheshire,NH,44.74
Sibley,MN,44.72
Arenac,MI,44.71
Alcona,MI,44.71
Carbon,UT,44.7
Ramsey,MN,44.7
Windham,VT,44.7
Summit,UT,44.68
Sullivan,NH,44.68
Adams,WI,44.67
Hot Springs,WY,44.67
Mora,NM,44.61
Hancock,ME,44.61
Mower,MN,44.6
Wrangell,AK,44.6
Gallatin,MT,44.6
Merrimack,NH,44.6
Saint Lawrence,NY,44.59
Mcleod,MN,44.57
Mckean,PA,44.57
Chouteau,MT,44.57
Murray,MN,44.56
Juneau,WI,44.55
Prairie,MT,44.54
Waldo,ME,44.54
Charlevoix,MI,44.53
Mccone,MT,44.53
Carver,MN,44.53
Bingham,ID,44.52
Missaukee,MI,44.51
Fremont,WY,44.5
Windsor,VT,44.5
Eau Claire,WI,44.5
Lyon,MN,44.49
Broadwater,MT,44.47
Park,MT,44.47
Waushara,WI,44.45
Potter,SD,44.45
Franklin,VT,44.43
Emmet,MI,44.42
Fillmore,MN,44.41
Franklin,ID,44.4
Hennepin,MN,44.4
Leelanau,MI,44.4
Clinton,NY,44.39
Perkins,SD,44.38
Wibaux,MT,44.38
Crook,WY,44.37
Pitkin,CO,44.37
Warren,NY,44.35
Campbell,SD,44.35
Alpine,CA,44.35
Gunnison,CO,44.34
Dawson,MT,44.33
Renville,MN,44.32
Golden Valley,MT,44.32
Alpena,MI,44.32
Monroe,WI,44.31
Walworth,SD,44.31
Fallon,MT,44.3
Portage,WI,44.29
Corson,SD,44.27
Sheridan,WY,44.19
Kennebec,ME,44.19
Cheboygan,MI,44.18
Kingsbury,SD,44.18
Brown,WI,44.17
Lewis And Clark,MT,44.17
Fergus,MT,44.16
Wright,MN,44.16
Presque Isle,MI,44.15
Osceola,MI,44.15
Lac Qui Parle,MN,44.14
Chippewa,MN,44.13
Harding,SD,44.1
Oneida,NY,44.09
Saint Croix,WI,44.08
Bowman,ND,44.07
Lincoln,ID,44.06
Rich,UT,44.03
Jefferson,CO,43.99
La Plata,CO,43.99
Faulk,SD,43.98
Gladwin,MI,43.97
Outagamie,WI,43.97
Otsego,MI,43.94
Moody,SD,43.93
Duchesne,UT,43.93
Meeker,MN,43.91
Ogemaw,MI,43.88
Richland,MT,43.87
Belknap,NH,43.84
Slope,ND,43.84
Swift,MN,43.83
Day,SD,43.8
Lincoln,MN,43.8
Park,WY,43.78
Petersburg,AK,43.74
Deuel,SD,43.71
Golden Valley,ND,43.71
Kandiyohi,MN,43.71
Blaine,MT,43.69
Spink,SD,43.67
Pipestone,MN,43.66
Wood,WI,43.65
Crawford,MI,43.64
Jackson,WI,43.63
Edmunds,SD,43.62
Codington,SD,43.62
Roberts,SD,43.62
Brookings,SD,43.61
Montmorency,MI,43.59
Waupaca,WI,43.58
Roscommon,MI,43.56
Clark,SD,43.55
Clare,MI,43.51
Lewis,NY,43.51
Liberty,MT,43.5
Phillips,MT,43.47
Wasatch,UT,43.47
Hamlin,SD,43.46
Dunn,WI,43.44
Toole,MT,43.42
Carbon,WY,43.41
Sherburne,MN,43.38
Androscoggin,ME,43.37
Grant,SD,43.37
Stearns,MN,43.37
Sitka,AK,43.37
Marshall,SD,43.35
Hill,MT,43.34
Teton,MT,43.33
Pope,MN,43.33
Sweet Grass,MT,43.31
Sioux,ND,43.3
Anoka,MN,43.3
Oscoda,MI,43.3
Big Stone,MN,43.26
Costilla,CO,43.26
Adams,ND,43.24
Fulton,NY,43.23
Custer,SD,43.2
Lemhi,ID,43.19
Door,WI,43.17
Brown,SD,43.13
Granite,MT,43.12
Benton,MN,43.12
Isanti,MN,43.12
Barron,WI,43.1
Mckenzie,ND,43.09
Essex,NY,43.09
Emmons,ND,43.08
Polk,WI,43.08
Stevens,MN,43.08
Hettinger,ND,43.06
Traverse,MN,43.03
Custer,CO,43.01
Jefferson,ID,43.0
Shawano,WI,42.99
Billings,ND,42.98
Valley,MT,42.94
Pondera,MT,42.91
Chippewa,WI,42.91
Wheatland,MT,42.87
Jefferson,MT,42.82
Meagher,MT,42.81
Clark,WI,42.77
Flathead,MT,42.77
Madison,MT,42.72
Elko,NV,42.7
Stark,ND,42.69
Chisago,MN,42.64
Grant,ND,42.64
Bonneville,ID,42.6
Orange,VT,42.59
Mcpherson,SD,42.59
Alamosa,CO,42.58
Franklin,NY,42.56
Washington,ME,42.56
Taos,NM,42.53
Dunn,ND,42.52
Richland,ND,42.51
Hoonah Angoon,AK,42.44
Washington,VT,42.44
Morton,ND,42.43
Sargent,ND,42.42
Rusk,WI,42.38
Grant,MN,42.35
Grafton,NH,42.34
Orleans,VT,42.32
Dickey,ND,42.29
Schoolcraft,MI,42.28
Delta,MI,42.27
Alger,MI,42.2
Wilkin,MN,42.19
Herkimer,NY,42.18
Albany,WY,42.1
Carroll,NH,42.08
Lamoille,VT,42.08
Oconto,WI,42.04
Butte,ID,42.04
Deer Lodge,MT,42.04
Ransom,ND,42.02
Douglas,MN,42.01
Madison,ID,42.0
Roosevelt,MT,42.0
Lamoure,ND,41.99
Oliver,ND,41.93
Mercer,ND,41.93
Juneau,AK,41.93
Menominee,MI,41.88
Caledonia,VT,41.85
Clay,MN,41.8
Todd,MN,41.79
Washburn,WI,41.75
Otter Tail,MN,41.75
Logan,ND,41.74
Penobscot,ME,41.71
Powell,MT,41.7
Menominee,WI,41.67
Caribou,ID,41.67
Luce,MI,41.66
Marathon,WI,41.63
Mcintosh,ND,41.61
Mackinac,MI,41.6
Fremont,CO,41.58
Houghton,MI,41.55
Skagway,AK,41.53
Sawyer,WI,41.5
Haines,AK,41.49
Baraga,MI,41.49
Taylor,WI,41.48
Ashland,WI,41.46
Morrison,MN,41.44
Marinette,WI,41.43
Camas,ID,41.4
Wells,ND,41.37
Sheridan,MT,41.32
Burnett,WI,41.31
Silver Bow,MT,41.31
Mclean,ND,41.3
Bayfield,WI,41.3
Cass,ND,41.27
Glacier,MT,41.23
Mille Lacs,MN,41.22
Sheridan,ND,41.21
Marquette,MI,41.2
Larimer,CO,41.19
San Juan,CO,41.18
Bear Lake,ID,41.15
Norman,MN,41.15
Hamilton,NY,41.13
Kidder,ND,41.11
Burleigh,ND,41.11
Daniels,MT,41.1
Crow Wing,MN,41.08
Barnes,ND,41.06
Stutsman,ND,41.06
Foster,ND,41.0
Chippewa,MI,40.99
Keweenaw,MI,40.98
Langlade,WI,40.98
Iron,WI,40.96
Blaine,ID,40.92
Wadena,MN,40.92
Kanabec,MN,40.92
Price,WI,40.88
Williams,ND,40.84
Pine,MN,40.79
Traill,ND,40.75
Teton,ID,40.72
Routt,CO,40.66
Gogebic,MI,40.66
Douglas,WI,40.65
Essex,VT,40.62
Lincoln,WI,40.56
Grand Forks,ND,40.54
Clark,ID,40.51
Becker,MN,40.51
Custer,ID,40.49
Aitkin,MN,40.48
Coos,NH,40.47
Boulder,CO,40.46
Teller,CO,40.46
Divide,ND,40.45
Eagle,CO,40.43
Iron,MI,40.43
Beaverhead,MT,40.35
Ontonagon,MI,40.32
Uinta,WY,40.31
Archuleta,CO,40.3
Steele,ND,40.29
Polk,MN,40.26
Cass,MN,40.24
Vilas,WI,40.2
Eddy,ND,40.18
Carlton,MN,40.12
Oxford,ME,40.11
Valley,ID,40.08
Florence,WI,40.08
Griggs,ND,40.05
Dickinson,MI,40.04
Saguache,CO,39.98
Forest,WI,39.97
Ward,ND,39.95
Lincoln,WY,39.93
Red Lake,MN,39.92
Mchenry,ND,39.89
Mahnomen,MN,39.88
Oneida,WI,39.83
Pennington,MN,39.74
Itasca,MN,39.7
Hinsdale,CO,39.7
Sweetwater,WY,39.54
Fremont,ID,39.44
Marshall,MN,39.41
Kodiak Island,AK,39.39
Renville,ND,39.38
Clearwater,MN,39.32
Burke,ND,39.32
Mountrail,ND,39.27
Nelson,ND,39.22
Hubbard,MN,39.17
Rio Grande,CO,39.17
Walsh,ND,39.16
Conejos,CO,39.13
Kittson,MN,39.07
Pierce,ND,39.06
Bottineau,ND,39.03
Franklin,ME,39.01
Pembina,ND,39.0
Aleutians East,AK,39.0
Beltrami,MN,38.99
Gilpin,CO,38.98
Lake Of The Woods,MN,38.82
Piscataquis,ME,38.78
Benson,ND,38.78
Somerset,ME,38.74
Roseau,MN,38.73
Jackson,CO,38.61
Lake,MN,38.51
Koochiching,MN,38.4
Ramsey,ND,38.38
Aroostook,ME,38.29
Cook,MN,38.26
Grand,CO,38.2
Summit,CO,38.01
Cavalier,ND,37.98
Saint Louis,MN,37.97
Rolette,ND,37.78
Towner,ND,37.69
Mineral,CO,37.6
Lake,CO,37.39
Park,CO,37.2
Clear Creek,CO,36.58
Chaffee,CO,36.54
Teton,WY,36.13
Anchorage,AK,36.1
Lake And Peninsula,AK,36.01
Kenai Peninsula,AK,35.45
Bristol Bay,AK,35.39
Sublette,WY,34.44
Matanuska Susitna,AK,34.21
Yakutat,AK,32.87
Dillingham,AK,32.33
Bethel,AK,30.13
Wade Hampton,AK,29.34
Valdez Cordova,AK,28.49
Denali,AK,28.07
Fairbanks North Star,AK,27.39
Southeast Fairbanks,AK,25.64
Yukon Koyukuk,AK,25.35
Nome,AK,24.69
Northwest Arctic,AK,23.24
North Slope,AK,14.2
